ID_Eleve,Annee_Scolaire,Age,Sexe,Niveau_Scolaire_Actuel,Redoublement_Annee_Precedente,Statut_Bourse,Moyenne_Generale_T1,Moyenne_Generale_T2,Nombre_Matieres_Echec_T1,Nombre_Absences_Injustifiees_T1,Nombre_Absences_Injustifiees_T2,Nombre_Retards_T1,Nombre_Sanctions_Disciplinaires_T1,Avis_Conseil_Classe_T1,Statut_Decrochage
BUKA-23-641,2023,19,Masculin,4ème Humanités,1,0,57.0,59.0,4,5,3,7,1,Passable,0
BUKA-23-314,2023,21,Féminin,4ème Humanités,1,0,40.0,35.2,9,22,30,26,7,Très Défavorable,1
BUKA-22-508,2022,19,Féminin,4ème Humanités,1,0,50.1,44.8,5,10,16,12,3,Défavorable,1
BUKA-21-305,2021,19,Masculin,3ème Humanités,1,1,49.5,46.9,5,11,15,12,3,Défavorable,0
BUKA-21-404,2021,17,Féminin,3ème Humanités,0,1,59.5,58.0,3,2,3,4,0,Passable,1
BUKA-24-276,2024,18,Féminin,3ème Humanités,0,0,68.6,70.4,1,1,1,2,0,Favorable,0
BUKA-24-476,2024,18,Féminin,3ème Humanités,0,0,66.2,68.0,1,0,0,2,0,Favorable,0
BUKA-22-021,2022,17,Masculin,3ème Humanités,0,0,65.4,67.8,1,2,1,3,0,Favorable,0
BUKA-22-479,2022,19,Masculin,4ème Humanités,1,0,42.2,38.8,8,19,25,22,6,Très Défavorable,1
BUKA-21-462,2021,18,Féminin,4ème Humanités,0,0,69.9,71.2,1,0,0,1,0,Favorable,0
BUKA-24-367,2024,19,Masculin,3ème Humanités,1,0,45.1,39.9,6,16,22,18,4,Défavorable,1
BUKA-24-146,2024,18,Féminin,3ème Humanités,0,0,70.3,72.1,1,1,0,2,0,Favorable,0
BUKA-21-208,2021,20,Féminin,4ème Humanités,1,0,42.8,38.1,7,16,23,19,4,Très Défavorable,1
BUKA-24-520,2024,17,Féminin,4ème Humanités,0,0,82.7,83.9,0,0,0,1,0,Très Favorable,0
BUKA-24-620,2024,17,Féminin,4ème Humanités,0,0,84.7,85.9,0,0,0,0,0,Très Favorable,0
BUKA-23-250,2023,17,Féminin,3ème Humanités,0,0,74.0,76.1,0,0,0,1,0,Favorable,0
BUKA-23-265,2023,18,Masculin,4ème Humanités,0,0,65.2,67.0,2,4,3,5,1,Passable,0
BUKA-21-393,2021,18,Masculin,4ème Humanités,0,0,60.8,58.2,3,4,6,5,1,Passable,0
BUKA-22-532,2022,18,Féminin,4ème Humanités,1,0,64.0,60.5,2,5,7,6,1,Passable,1
BUKA-21-009,2021,18,Masculin,4ème Humanités,0,0,71.4,73.2,0,1,0,2,0,Favorable,0
BUKA-24-285,2024,18,Masculin,4ème Humanités,0,0,63.1,64.7,2,3,2,4,1,Passable,0
BUKA-21-653,2021,20,Masculin,4ème Humanités,1,0,44.2,41.2,7,15,20,18,4,Défavorable,1
BUKA-24-343,2024,18,Masculin,4ème Humanités,0,0,61.0,58.5,3,4,7,6,1,Passable,0
BUKA-23-072,2023,17,Féminin,3ème Humanités,0,0,63.4,65.8,2,2,1,3,0,Passable,0
BUKA-21-586,2021,17,Féminin,3ème Humanités,0,0,76.2,73.8,0,6,9,8,2,Favorable,1
BUKA-22-022,2022,18,Féminin,4ème Humanités,0,1,72.1,75.0,0,0,0,1,0,Favorable,0
BUKA-23-088,2023,18,Féminin,4ème Humanités,0,0,57.4,54.9,3,6,9,8,2,Passable,0
BUKA-21-362,2021,18,Féminin,4ème Humanités,0,0,68.9,70.2,1,2,1,3,0,Favorable,0
BUKA-21-530,2021,17,Féminin,3ème Humanités,0,0,73.0,75.2,0,0,0,2,0,Favorable,0
BUKA-24-483,2024,16,Masculin,3ème Humanités,0,1,79.2,81.0,0,0,0,0,0,Très Favorable,0
BUKA-23-466,2023,17,Féminin,3ème Humanités,0,0,74.2,75.8,0,0,0,1,0,Favorable,0
BUKA-24-444,2024,17,Féminin,3ème Humanités,0,1,71.2,73.0,0,0,0,1,0,Favorable,0
BUKA-24-419,2024,17,Masculin,3ème Humanités,0,1,78.4,72.2,0,6,9,7,2,Très Favorable,1
BUKA-24-136,2024,17,Féminin,3ème Humanités,0,0,76.1,77.8,0,1,0,2,0,Favorable,0
BUKA-24-418,2024,18,Féminin,4ème Humanités,0,0,58.8,59.1,3,1,0,3,0,Passable,0
BUKA-24-436,2024,17,Féminin,3ème Humanités,0,0,70.8,65.5,1,7,11,8,2,Favorable,1
BUKA-24-451,2024,17,Masculin,3ème Humanités,0,0,60.8,61.2,3,1,1,2,0,Passable,0
BUKA-22-695,2022,21,Masculin,4ème Humanités,1,0,38.2,50.8,10,25,14,27,8,Défavorable,0
BUKA-23-243,2023,18,Masculin,4ème Humanités,0,0,60.8,58.2,3,5,8,6,2,Passable,0
BUKA-21-010,2021,17,Féminin,3ème Humanités,0,0,55.6,53.0,3,5,7,6,1,Passable,0
BUKA-22-423,2022,18,Masculin,4ème Humanités,0,0,70.0,63.8,1,8,12,9,3,Favorable,1
BUKA-21-209,2021,18,Masculin,4ème Humanités,0,0,70.4,72.2,0,1,0,2,0,Favorable,0
BUKA-21-604,2021,16,Féminin,3ème Humanités,0,1,68.5,67.0,1,0,0,0,0,Favorable,1
BUKA-21-386,2021,17,Féminin,3ème Humanités,0,0,75.2,76.8,0,1,0,2,0,Favorable,0
BUKA-22-655,2022,19,Masculin,3ème Humanités,1,0,58.8,54.2,4,6,9,7,2,Passable,1
BUKA-22-456,2022,18,Féminin,4ème Humanités,0,0,83.0,85.2,0,1,0,1,0,Très Favorable,0
BUKA-23-615,2023,18,Masculin,4ème Humanités,0,1,65.1,66.8,2,0,0,2,0,Passable,0
BUKA-21-302,2021,18,Féminin,4ème Humanités,0,0,75.0,77.5,0,0,0,1,0,Favorable,0
BUKA-22-236,2022,17,Féminin,3ème Humanités,0,0,75.9,77.3,0,1,0,1,0,Favorable,0
BUKA-22-307,2022,17,Masculin,3ème Humanités,0,0,69.0,70.5,1,1,1,2,0,Favorable,0
BUKA-22-580,2022,17,Féminin,3ème Humanités,0,0,75.8,77.8,0,0,0,1,0,Favorable,0
BUKA-24-125,2024,19,Masculin,4ème Humanités,1,0,42.1,36.7,7,22,30,25,6,Très Défavorable,1
BUKA-24-177,2024,17,Masculin,3ème Humanités,0,0,55.8,53.1,4,9,13,11,2,Passable,0
BUKA-24-384,2024,21,Féminin,4ème Humanités,1,0,43.1,37.8,7,20,27,23,5,Très Défavorable,1
BUKA-24-283,2024,16,Masculin,3ème Humanités,0,1,80.4,82.1,0,0,0,1,0,Très Favorable,0
BUKA-23-089,2023,17,Masculin,3ème Humanités,0,0,70.9,73.0,0,1,1,2,0,Favorable,0
BUKA-22-406,2022,18,Féminin,4ème Humanités,0,0,81.0,75.3,0,5,8,6,1,Très Favorable,0
BUKA-23-381,2023,17,Masculin,3ème Humanités,0,0,66.2,68.0,1,2,2,3,0,Favorable,0
BUKA-21-585,2021,18,Masculin,4ème Humanités,0,0,62.2,63.8,2,1,0,3,0,Passable,0
BUKA-23-598,2023,17,Féminin,4ème Humanités,0,1,77.5,78.2,0,0,0,2,0,Favorable,0
BUKA-22-233,2022,16,Masculin,3ème Humanités,0,0,81.4,83.9,0,0,0,0,0,Très Favorable,0
BUKA-22-663,2022,16,Masculin,3ème Humanités,0,0,84.0,80.2,0,7,10,9,2,Très Favorable,1
BUKA-24-147,2024,17,Masculin,3ème Humanités,0,0,53.8,51.2,4,10,14,12,3,Passable,0
BUKA-23-077,2023,17,Masculin,3ème Humanités,0,0,56.1,53.8,4,8,12,10,2,Passable,0
BUKA-24-428,2024,18,Féminin,4ème Humanités,0,1,65.0,63.9,2,5,7,6,1,Passable,1
BUKA-21-485,2021,18,Masculin,4ème Humanités,0,0,60.2,61.8,3,2,1,4,0,Passable,0
BUKA-22-440,2022,18,Féminin,4ème Humanités,0,1,72.3,68.8,0,6,9,7,2,Favorable,1
BUKA-21-016,2021,17,Féminin,3ème Humanités,0,0,72.5,74.0,0,0,0,1,0,Favorable,0
BUKA-23-098,2023,18,Féminin,4ème Humanités,0,1,73.1,75.0,0,1,0,3,0,Favorable,0
BUKA-22-648,2022,18,Féminin,4ème Humanités,0,1,74.2,76.1,0,0,0,1,0,Favorable,0
BUKA-23-192,2023,17,Féminin,3ème Humanités,0,0,65.0,66.9,2,2,1,3,0,Passable,0
BUKA-24-194,2024,17,Féminin,3ème Humanités,0,1,79.2,81.0,0,0,0,1,0,Favorable,0
BUKA-24-279,2024,19,Masculin,4ème Humanités,1,0,39.9,34.1,9,25,33,28,7,Très Défavorable,1
BUKA-23-200,2024,17,Féminin,3ème Humanités,0,0,75.5,77.8,0,0,0,1,0,Favorable,0
BUKA-23-457,2023,17,Masculin,3ème Humanités,0,1,50.2,56.8,5,11,5,13,3,Défavorable,0
BUKA-23-557,2023,17,Masculin,3ème Humanités,0,1,48.2,58.8,6,13,5,15,4,Défavorable,0
BUKA-22-495,2022,21,Masculin,4ème Humanités,1,0,43.2,48.8,8,18,12,20,5,Défavorable,0
BUKA-22-487,2022,19,Masculin,3ème Humanités,1,1,49.2,52.8,6,11,7,13,3,Défavorable,0
BUKA-23-573,2023,18,Masculin,4ème Humanités,0,0,61.2,62.8,3,1,0,3,0,Passable,0
BUKA-22-216,2022,17,Féminin,3ème Humanités,0,0,73.5,75.0,0,0,0,1,0,Favorable,0
BUKA-24-122,2024,17,Féminin,3ème Humanités,0,0,64.0,66.3,2,2,1,3,0,Passable,0
BUKA-22-043,2022,18,Masculin,4ème Humanités,0,0,59.8,57.2,3,5,8,6,2,Passable,0
BUKA-23-079,2023,19,Masculin,4ème Humanités,1,0,40.9,35.1,8,24,32,27,7,Très Défavorable,1
BUKA-22-159,2022,18,Masculin,4ème Humanités,0,1,71.0,72.9,0,1,0,3,0,Favorable,0
BUKA-21-304,2021,17,Féminin,3ème Humanités,0,0,59.5,61.1,3,4,3,6,1,Passable,0
BUKA-23-533,2023,17,Masculin,3ème Humanités,0,1,81.0,82.9,0,0,0,0,0,Très Favorable,0
BUKA-23-690,2023,18,Féminin,4ème Humanités,0,1,84.2,86.5,0,0,0,0,0,Très Favorable,0
BUKA-24-284,2024,21,Féminin,4ème Humanités,1,0,42.7,37.2,7,20,27,23,5,Très Défavorable,1
BUKA-22-308,2022,19,Féminin,4ème Humanités,1,0,44.3,39.1,6,17,24,21,4,Défavorable,1
BUKA-22-190,2022,18,Féminin,4ème Humanités,0,1,82.3,84.8,0,0,0,0,0,Très Favorable,0
BUKA-22-596,2022,18,Féminin,3ème Humanités,0,0,72.8,73.5,0,0,0,1,0,Favorable,0
BUKA-22-039,2022,17,Masculin,3ème Humanités,0,1,71.2,73.8,0,0,0,2,0,Favorable,0
BUKA-23-515,2023,18,Masculin,4ème Humanités,0,1,63.1,64.8,2,1,1,3,0,Passable,0
BUKA-21-014,2021,19,Féminin,4ème Humanités,1,0,42.3,38.9,7,18,25,20,5,Très Défavorable,1
BUKA-21-486,2021,17,Féminin,3ème Humanités,0,0,74.2,71.8,0,5,8,7,2,Favorable,1
BUKA-24-272,2024,17,Féminin,3ème Humanités,0,0,64.4,66.8,2,2,1,3,0,Passable,0
BUKA-24-700,2024,17,Féminin,3ème Humanités,0,0,69.8,66.8,1,7,10,9,2,Passable,1
BUKA-24-375,2024,20,Masculin,4ème Humanités,1,0,42.2,36.8,8,23,31,26,6,Très Défavorable,1
BUKA-24-660,2024,17,Féminin,3ème Humanités,0,0,63.2,64.8,2,0,0,1,0,Passable,0
BUKA-22-238,2022,18,Féminin,4ème Humanités,0,0,57.7,55.1,3,8,11,9,2,Passable,0
BUKA-22-348,2022,18,Féminin,4ème Humanités,0,1,74.2,76.1,0,1,0,3,0,Favorable,0
BUKA-23-582,2023,19,Féminin,4ème Humanités,1,0,55.1,51.8,4,7,11,9,2,Défavorable,1
BUKA-23-674,2023,16,Féminin,3ème Humanités,0,1,81.8,79.5,0,6,8,7,1,Favorable,1
BUKA-22-034,2022,19,Féminin,4ème Humanités,1,0,40.1,35.7,8,20,28,22,6,Très Défavorable,1
BUKA-22-046,2022,18,Féminin,3ème Humanités,0,0,68.8,70.5,1,1,1,2,0,Favorable,0
BUKA-23-350,2023,17,Féminin,3ème Humanités,0,0,76.5,78.8,0,0,0,1,0,Favorable,0
BUKA-24-643,2024,18,Masculin,4ème Humanités,0,0,62.0,61.5,2,1,2,3,1,Passable,1
BUKA-23-264,2023,21,Féminin,4ème Humanités,1,0,42.1,37.0,8,20,28,24,6,Très Défavorable,1
BUKA-23-490,2023,18,Féminin,4ème Humanités,0,1,80.2,82.5,0,1,0,1,0,Très Favorable,0
BUKA-24-683,2024,16,Masculin,3ème Humanités,0,1,83.2,85.0,0,0,0,0,0,Très Favorable,0
BUKA-21-213,2021,17,Masculin,3ème Humanités,0,0,77.1,79.3,0,0,0,0,0,Très Favorable,0
BUKA-24-628,2024,18,Féminin,4ème Humanités,0,1,70.0,67.9,1,8,10,9,2,Passable,1
BUKA-23-058,2023,19,Féminin,4ème Humanités,1,0,47.9,41.5,7,17,23,20,5,Très Défavorable,1
BUKA-24-559,2024,18,Masculin,4ème Humanités,0,0,72.8,70.2,0,5,7,6,1,Favorable,1
BUKA-24-400,2024,17,Féminin,3ème Humanités,0,0,75.8,77.8,0,0,0,1,0,Favorable,0
BUKA-22-033,2022,17,Masculin,3ème Humanités,0,0,80.4,82.9,0,0,0,0,0,Très Favorable,0
BUKA-22-431,2022,18,Masculin,3ème Humanités,0,0,50.1,55.0,5,9,5,11,2,Défavorable,0
BUKA-23-698,2023,17,Féminin,4ème Humanités,0,1,79.5,80.2,0,0,0,1,0,Favorable,0
BUKA-22-548,2022,18,Féminin,4ème Humanités,0,1,72.2,74.1,0,0,0,2,0,Favorable,0
BUKA-22-579,2022,19,Masculin,4ème Humanités,1,0,40.2,37.8,9,21,26,24,7,Très Défavorable,1
BUKA-22-227,2022,17,Masculin,3ème Humanités,0,1,68.3,70.1,1,2,2,4,0,Favorable,0
BUKA-23-458,2023,19,Féminin,4ème Humanités,1,1,49.2,43.1,6,12,18,15,4,Défavorable,1
BUKA-24-106,2024,18,Féminin,4ème Humanités,0,0,84.1,86.8,0,0,0,1,0,Très Favorable,0
BUKA-23-073,2023,18,Masculin,4ème Humanités,0,0,60.5,58.0,3,5,7,6,1,Passable,0
BUKA-22-237,2022,19,Masculin,3ème Humanités,1,0,43.8,38.9,6,16,22,18,4,Défavorable,1
BUKA-23-164,2023,19,Féminin,4ème Humanités,1,0,41.0,36.2,8,21,29,25,6,Très Défavorable,1
BUKA-23-542,2023,16,Féminin,3ème Humanités,0,0,78.0,79.9,0,0,0,1,0,Favorable,0
BUKA-24-651,2024,17,Masculin,3ème Humanités,0,0,64.8,65.2,2,0,0,1,0,Passable,0
BUKA-21-196,2021,18,Féminin,3ème Humanités,0,0,69.8,71.5,1,1,0,2,0,Favorable,0
BUKA-21-502,2021,19,Féminin,4ème Humanités,1,0,45.2,58.8,6,15,5,18,4,Très Défavorable,0
BUKA-24-516,2024,17,Féminin,3ème Humanités,0,0,65.3,62.0,2,3,4,4,1,Passable,1
BUKA-22-364,2022,21,Féminin,4ème Humanités,1,0,41.1,36.0,8,22,30,25,6,Très Défavorable,1
BUKA-24-288,2024,18,Féminin,4ème Humanités,0,0,57.5,55.0,3,6,9,8,2,Passable,0
BUKA-22-571,2022,20,Masculin,4ème Humanités,1,1,52.2,56.0,5,10,6,12,2,Défavorable,0
BUKA-22-047,2022,17,Masculin,3ème Humanités,0,0,54.3,51.9,4,8,11,9,2,Passable,0
BUKA-24-108,2024,19,Féminin,4ème Humanités,1,1,47.2,40.9,7,18,24,21,5,Très Défavorable,1
BUKA-21-377,2021,17,Masculin,3ème Humanités,0,0,54.2,51.8,4,9,13,11,2,Passable,0
BUKA-22-222,2022,18,Féminin,4ème Humanités,0,1,73.1,76.0,0,0,0,1,0,Favorable,0
BUKA-23-075,2023,19,Masculin,4ème Humanités,1,0,42.7,37.3,7,21,29,24,5,Très Défavorable,1
BUKA-23-066,2023,17,Féminin,3ème Humanités,0,0,76.7,78.2,0,0,0,1,0,Favorable,0
BUKA-23-055,2023,18,Masculin,3ème Humanités,1,1,53.1,50.3,4,7,11,8,2,Passable,0
BUKA-23-071,2023,19,Masculin,4ème Humanités,1,0,48.8,44.2,5,11,16,13,3,Défavorable,0
BUKA-23-313,2023,16,Masculin,3ème Humanités,0,0,83.5,85.1,0,0,0,0,0,Très Favorable,0
BUKA-24-592,2024,17,Féminin,3ème Humanités,0,0,69.8,70.5,1,0,0,1,0,Passable,0
BUKA-23-266,2023,17,Féminin,3ème Humanités,0,0,77.7,79.2,0,0,0,1,0,Favorable,0
BUKA-23-414,2023,21,Féminin,4ème Humanités,1,0,43.0,51.5,7,18,8,20,5,Très Défavorable,0
BUKA-22-158,2022,19,Féminin,4ème Humanités,1,0,45.3,40.1,6,16,23,20,4,Défavorable,1
BUKA-24-627,2024,17,Masculin,3ème Humanités,0,0,62.8,63.1,2,0,0,2,0,Passable,0
BUKA-24-352,2024,18,Féminin,4ème Humanités,0,1,77.5,79.2,0,0,0,0,0,Très Favorable,0
BUKA-22-027,2022,17,Masculin,3ème Humanités,0,1,67.3,69.1,1,2,2,4,0,Favorable,0
BUKA-21-204,2021,16,Féminin,3ème Humanités,0,0,79.3,81.8,0,0,0,1,0,Très Favorable,0
BUKA-24-618,2024,18,Féminin,4ème Humanités,0,0,62.8,63.1,2,0,0,1,0,Passable,0
BUKA-24-169,2024,17,Masculin,3ème Humanités,0,1,73.4,75.2,0,1,0,2,0,Favorable,0
BUKA-23-333,2023,17,Masculin,3ème Humanités,0,1,81.0,82.9,0,0,0,0,0,Très Favorable,0
BUKA-24-316,2024,17,Féminin,3ème Humanités,0,0,79.3,81.0,0,0,0,1,0,Favorable,0
BUKA-24-123,2024,18,Masculin,4ème Humanités,0,0,61.8,59.3,3,5,7,6,1,Passable,0
BUKA-24-112,2024,18,Féminin,4ème Humanités,0,0,67.4,69.3,1,2,1,3,0,Favorable,0
BUKA-24-104,2024,17,Féminin,3ème Humanités,0,0,60.7,63.1,2,2,1,3,1,Passable,0
BUKA-23-246,2023,18,Féminin,3ème Humanités,0,0,69.8,71.5,1,1,1,2,0,Favorable,0
BUKA-24-416,2024,17,Féminin,3ème Humanités,0,0,63.3,60.0,2,4,5,5,1,Passable,1
BUKA-24-292,2024,17,Féminin,3ème Humanités,0,0,66.3,68.1,2,2,1,3,0,Passable,0
BUKA-24-127,2024,17,Masculin,3ème Humanités,0,0,54.9,52.3,4,9,13,11,2,Passable,0
BUKA-24-499,2024,19,Masculin,4ème Humanités,1,0,40.2,38.8,9,21,26,24,7,Très Défavorable,1
BUKA-23-642,2023,16,Féminin,3ème Humanités,0,0,80.0,81.9,0,0,0,0,0,Favorable,0
BUKA-24-297,2024,17,Masculin,3ème Humanités,0,0,52.8,50.2,4,11,15,13,3,Passable,0
BUKA-22-623,2022,18,Masculin,4ème Humanités,0,0,74.0,67.8,0,10,15,12,5,Favorable,1
BUKA-24-484,2024,21,Féminin,4ème Humanités,1,0,46.1,50.8,7,14,9,16,4,Défavorable,0
BUKA-24-535,2024,18,Masculin,4ème Humanités,0,0,63.5,64.0,2,0,0,1,0,Passable,0
BUKA-24-636,2024,17,Féminin,3ème Humanités,0,0,74.8,69.5,0,9,13,10,3,Favorable,1
BUKA-21-353,2021,20,Masculin,4ème Humanités,1,0,43.2,38.2,7,16,23,20,4,Défavorable,1
BUKA-24-277,2024,17,Masculin,3ème Humanités,0,0,55.1,52.8,4,9,13,11,2,Passable,0
BUKA-23-076,2023,18,Féminin,3ème Humanités,0,0,67.6,69.4,1,1,1,2,0,Favorable,0
BUKA-21-015,2021,18,Masculin,4ème Humanités,0,1,61.8,63.5,2,4,3,5,1,Passable,0
BUKA-22-198,2022,18,Féminin,4ème Humanités,0,1,73.2,75.1,0,1,0,3,0,Favorable,0
BUKA-24-134,2024,19,Féminin,4ème Humanités,1,0,43.7,38.2,7,19,26,22,5,Très Défavorable,1
BUKA-22-160,2022,17,Féminin,3ème Humanités,0,0,59.9,57.1,3,5,8,7,2,Passable,0
BUKA-21-562,2021,18,Féminin,4ème Humanités,0,0,71.9,73.2,0,0,0,1,0,Favorable,0
BUKA-21-188,2021,18,Féminin,4ème Humanités,0,0,59.5,56.9,3,6,9,8,2,Passable,0
BUKA-22-523,2022,18,Masculin,4ème Humanités,0,0,72.0,65.8,1,9,14,10,4,Favorable,1
BUKA-23-059,2023,18,Masculin,4ème Humanités,0,1,73.6,75.4,0,1,0,2,0,Favorable,0
BUKA-22-410,2022,17,Féminin,3ème Humanités,0,0,68.2,64.9,1,7,10,8,2,Favorable,1
BUKA-22-640,2022,18,Féminin,4ème Humanités,0,1,77.3,72.8,0,8,11,9,2,Favorable,1
BUKA-24-137,2024,19,Masculin,3ème Humanités,1,1,47.6,43.0,6,16,21,18,4,Défavorable,1
BUKA-21-152,2021,18,Féminin,4ème Humanités,0,0,74.0,76.5,0,0,0,1,0,Favorable,0
BUKA-21-694,2021,16,Féminin,3ème Humanités,0,1,83.8,85.5,0,0,0,0,0,Favorable,0
BUKA-22-424,2022,16,Féminin,3ème Humanités,0,1,82.0,83.9,0,0,0,1,0,Très Favorable,0
BUKA-24-383,2024,16,Masculin,3ème Humanités,0,1,78.2,80.0,0,0,0,1,0,Très Favorable,0
BUKA-23-465,2023,18,Masculin,4ème Humanités,0,1,64.8,66.2,2,1,1,3,0,Passable,0
BUKA-24-282,2024,18,Féminin,4ème Humanités,1,0,50.8,47.3,5,10,15,12,2,Passable,0
BUKA-22-396,2022,18,Féminin,3ème Humanités,0,0,68.8,70.5,1,1,0,2,0,Favorable,0
BUKA-21-303,2021,20,Masculin,4ème Humanités,1,0,42.5,37.8,7,18,25,20,5,Très Défavorable,1
BUKA-23-614,2023,21,Féminin,4ème Humanités,1,0,39.0,50.5,9,24,12,27,7,Très Défavorable,0
BUKA-24-109,2024,18,Masculin,4ème Humanités,0,0,72.9,74.7,0,1,0,2,0,Favorable,0
BUKA-23-242,2023,17,Féminin,3ème Humanités,0,0,63.1,65.9,2,2,1,3,1,Passable,0
BUKA-23-263,2023,16,Masculin,3ème Humanités,0,1,82.5,84.8,0,0,0,0,0,Très Favorable,0
BUKA-23-260,2023,17,Féminin,3ème Humanités,0,0,59.7,57.0,3,5,8,6,1,Passable,0
BUKA-23-512,2023,18,Féminin,4ème Humanités,0,0,78.0,79.8,0,0,0,1,0,Très Favorable,0
BUKA-23-382,2023,19,Féminin,4ème Humanités,1,0,51.1,47.8,5,9,14,11,2,Passable,0
BUKA-23-082,2023,18,Féminin,4ème Humanités,1,0,51.2,47.8,5,9,14,11,2,Passable,0
BUKA-22-228,2022,19,Féminin,4ème Humanités,1,1,45.5,39.8,7,17,25,20,4,Très Défavorable,1
BUKA-21-361,2021,18,Masculin,3ème Humanités,1,0,50.2,51.8,5,8,7,9,2,Passable,0
BUKA-23-084,2023,19,Féminin,4ème Humanités,1,0,44.5,39.0,7,18,25,21,5,Très Défavorable,1
BUKA-23-078,2023,18,Féminin,4ème Humanités,0,1,72.4,74.3,0,1,0,3,0,Favorable,0
BUKA-24-351,2024,17,Masculin,3ème Humanités,0,0,68.8,70.2,1,2,1,3,0,Favorable,0
BUKA-24-619,2024,17,Masculin,3ème Humanités,0,1,82.4,76.2,0,10,14,11,4,Très Favorable,1
BUKA-24-583,2024,16,Masculin,3ème Humanités,0,1,81.2,83.0,0,0,0,0,0,Très Favorable,0
BUKA-23-099,2023,19,Masculin,4ème Humanités,1,0,39.8,34.0,9,26,35,29,7,Très Défavorable,1
BUKA-21-461,2021,18,Masculin,3ème Humanités,1,0,47.2,53.8,6,13,7,15,3,Défavorable,0
BUKA-22-035,2022,18,Masculin,4ème Humanités,0,1,63.5,65.2,2,3,2,4,0,Passable,0
BUKA-24-126,2024,18,Féminin,3ème Humanités,0,0,68.4,70.2,1,1,1,2,0,Favorable,0
BUKA-21-301,2021,17,Masculin,3ème Humanités,0,1,67.2,69.0,1,2,1,3,0,Favorable,0
BUKA-23-063,2023,17,Masculin,3ème Humanités,0,1,79.5,81.8,0,0,0,0,0,Très Favorable,0
BUKA-24-692,2024,17,Féminin,3ème Humanités,0,0,71.8,72.5,0,0,0,1,0,Passable,0
BUKA-21-437,2021,20,Masculin,3ème Humanités,1,1,48.8,54.0,6,12,6,15,3,Défavorable,0
BUKA-22-395,2022,21,Masculin,4ème Humanités,1,0,41.2,35.8,9,24,33,28,7,Très Défavorable,1
BUKA-23-450,2023,17,Féminin,3ème Humanités,0,0,78.5,75.8,0,4,7,6,1,Très Favorable,1
BUKA-23-513,2023,16,Masculin,3ème Humanités,0,0,72.5,65.1,1,10,15,11,4,Favorable avec mise en garde,1
BUKA-22-556,2022,18,Féminin,4ème Humanités,0,0,85.0,87.2,0,0,0,1,0,Très Favorable,0
BUKA-24-148,2024,18,Féminin,4ème Humanités,0,1,73.9,75.8,0,1,0,3,0,Favorable,0
BUKA-23-312,2023,18,Féminin,4ème Humanités,0,0,71.0,72.8,0,1,0,2,0,Favorable,0
BUKA-23-057,2023,17,Masculin,3ème Humanités,0,0,65.8,67.2,1,3,2,5,0,Favorable,0
BUKA-22-323,2022,18,Masculin,4ème Humanités,0,0,62.0,59.5,3,5,8,6,2,Passable,0
BUKA-24-320,2024,17,Féminin,4ème Humanités,0,0,82.7,84.9,0,0,0,0,0,Très Favorable,0
BUKA-22-240,2022,18,Féminin,4ème Humanités,0,0,82.6,84.9,0,0,0,0,0,Très Favorable,0
BUKA-23-068,2023,18,Féminin,4ème Humanités,0,0,59.1,56.5,3,7,10,9,2,Passable,0
BUKA-21-469,2021,17,Masculin,3ème Humanités,0,1,70.8,71.8,1,1,0,2,0,Favorable,0
BUKA-22-471,2022,20,Masculin,4ème Humanités,1,1,50.2,54.0,5,9,6,11,2,Défavorable,0
BUKA-23-244,2023,16,Féminin,3ème Humanités,0,1,80.3,82.0,0,0,0,1,0,Très Favorable,0
BUKA-21-646,2021,18,Féminin,3ème Humanités,0,0,67.8,69.5,1,0,0,2,0,Passable,0
BUKA-22-028,2022,19,Féminin,4ème Humanités,1,1,46.5,40.8,6,16,24,19,4,Très Défavorable,1
BUKA-23-611,2023,18,Masculin,3ème Humanités,1,0,57.2,55.0,4,3,4,5,1,Passable,1
BUKA-24-600,2024,17,Féminin,3ème Humanités,0,0,67.8,64.8,1,6,9,8,2,Passable,1
BUKA-23-094,2023,17,Féminin,3ème Humanités,0,1,78.0,79.9,0,0,0,1,0,Favorable,0
BUKA-24-102,2024,18,Féminin,4ème Humanités,0,1,76.5,78.8,0,0,0,0,0,Très Favorable,0
BUKA-21-354,2021,17,Féminin,3ème Humanités,0,0,61.2,63.2,2,3,2,5,1,Passable,0
BUKA-24-491,2024,20,Masculin,4ème Humanités,1,0,52.2,49.1,5,9,13,11,2,Passable,1
BUKA-24-460,2024,17,Féminin,3ème Humanités,0,0,59.2,60.8,3,1,0,2,0,Passable,0
BUKA-22-218,2022,18,Féminin,4ème Humanités,0,0,59.2,56.9,3,7,10,8,2,Passable,0
BUKA-22-032,2022,18,Féminin,4ème Humanités,0,0,69.2,71.0,1,1,0,2,0,Favorable,0
BUKA-24-459,2024,18,Masculin,4ème Humanités,0,0,70.8,68.2,1,4,6,5,1,Favorable,1
BUKA-22-464,2022,21,Féminin,4ème Humanités,1,0,40.1,45.0,8,22,15,24,6,Très Défavorable,0
BUKA-23-052,2023,18,Féminin,4ème Humanités,0,0,77.8,80.0,0,0,0,0,0,Très Favorable,0
BUKA-22-696,2022,18,Féminin,3ème Humanités,0,0,74.8,75.5,0,0,0,1,0,Favorable,0
BUKA-24-138,2024,18,Féminin,4ème Humanités,0,0,56.5,54.0,3,6,9,8,2,Passable,0
BUKA-21-505,2021,20,Masculin,3ème Humanités,1,0,42.0,39.0,7,20,25,22,5,Très Défavorable,1
BUKA-21-385,2021,18,Masculin,4ème Humanités,0,0,62.2,63.8,2,3,2,4,1,Passable,0
BUKA-24-399,2024,19,Masculin,4ème Humanités,1,0,38.2,32.8,10,28,38,31,8,Très Défavorable,1
BUKA-22-355,2022,19,Masculin,3ème Humanités,1,0,51.8,48.2,5,10,14,11,2,Passable,0
BUKA-22-448,2022,18,Féminin,4ème Humanités,0,1,70.2,72.1,1,1,0,3,0,Favorable,0
BUKA-23-341,2023,19,Masculin,4ème Humanités,1,0,50.0,46.0,5,12,17,14,3,Défavorable,0
BUKA-21-346,2021,18,Féminin,3ème Humanités,0,0,70.8,72.5,1,1,0,2,0,Favorable,0
BUKA-24-291,2024,20,Masculin,4ème Humanités,1,0,48.7,44.5,5,12,17,14,3,Défavorable,0
BUKA-23-574,2023,16,Féminin,3ème Humanités,0,1,79.8,77.5,0,5,7,6,1,Favorable,1
BUKA-24-133,2024,17,Masculin,3ème Humanités,0,1,79.4,81.1,0,0,0,1,0,Très Favorable,0
BUKA-24-527,2024,17,Masculin,3ème Humanités,0,0,60.8,61.1,3,1,1,3,0,Passable,0
BUKA-23-682,2023,19,Féminin,4ème Humanités,1,0,57.1,53.8,4,6,10,8,2,Défavorable,1
BUKA-24-417,2024,20,Masculin,3ème Humanités,1,0,46.5,53.2,6,14,7,16,4,Défavorable,0
BUKA-22-588,2022,18,Féminin,4ème Humanités,0,0,61.5,62.0,2,0,0,1,0,Passable,0
BUKA-23-311,2023,18,Masculin,3ème Humanités,1,0,51.2,52.0,4,7,6,8,1,Passable,0
BUKA-22-225,2022,20,Masculin,4ème Humanités,1,0,51.0,48.1,4,10,14,11,2,Passable,0
BUKA-22-025,2022,19,Masculin,4ème Humanités,1,0,52.0,49.1,4,9,13,10,2,Passable,0
BUKA-24-168,2024,18,Féminin,4ème Humanités,0,0,57.8,55.1,3,7,11,9,2,Passable,0
BUKA-24-335,2024,18,Masculin,4ème Humanités,0,0,63.5,65.0,2,3,3,5,1,Passable,0
BUKA-22-388,2022,18,Féminin,4ème Humanités,0,0,58.5,56.0,3,6,9,8,2,Passable,0
BUKA-23-625,2023,20,Masculin,4ème Humanités,1,0,39.5,49.1,9,20,10,22,7,Défavorable,0
BUKA-21-593,2021,18,Masculin,4ème Humanités,0,0,65.8,62.2,2,7,10,9,3,Passable,1
BUKA-24-132,2024,18,Féminin,4ème Humanités,1,0,51.8,48.3,5,9,14,11,2,Passable,0
BUKA-21-529,2021,19,Masculin,4ème Humanités,1,0,43.0,40.2,8,18,23,21,5,Très Défavorable,1
BUKA-24-360,2024,17,Féminin,3ème Humanités,0,0,58.2,55.8,3,5,8,7,1,Passable,0
BUKA-23-175,2023,19,Masculin,4ème Humanités,1,0,42.5,37.0,8,22,30,26,6,Très Défavorable,1
BUKA-22-174,2022,17,Féminin,3ème Humanités,0,1,77.0,78.9,0,0,0,1,0,Favorable,0
BUKA-23-056,2023,18,Féminin,4ème Humanités,0,0,83.4,86.1,0,0,0,1,0,Très Favorable,0
BUKA-21-206,2021,18,Féminin,4ème Humanités,0,0,83.0,85.5,0,0,0,1,0,Très Favorable,0
BUKA-22-157,2022,17,Masculin,3ème Humanités,0,0,68.0,69.5,1,1,1,2,0,Favorable,0
BUKA-22-572,2022,17,Féminin,3ème Humanités,0,0,65.8,63.8,2,2,3,4,1,Passable,1
BUKA-24-278,2024,17,Féminin,4ème Humanités,0,1,73.4,75.3,0,1,0,3,0,Favorable,0
BUKA-23-566,2023,17,Féminin,3ème Humanités,0,0,76.2,77.8,0,0,0,1,0,Favorable,0
BUKA-23-257,2023,17,Masculin,3ème Humanités,0,0,66.8,68.2,1,3,2,5,0,Favorable,0
BUKA-23-053,2023,19,Masculin,4ème Humanités,1,0,46.2,41.7,6,13,19,16,3,Défavorable,1
BUKA-23-442,2023,16,Féminin,3ème Humanités,0,0,75.0,76.9,0,1,0,1,0,Favorable,0
BUKA-24-328,2024,18,Féminin,4ème Humanités,0,1,73.0,74.9,0,1,0,3,0,Favorable,0
BUKA-22-331,2022,18,Masculin,3ème Humanités,0,0,68.1,70.0,1,2,1,3,0,Favorable,0
BUKA-23-473,2023,18,Masculin,4ème Humanités,0,0,59.2,60.8,3,2,1,4,0,Passable,0
BUKA-24-142,2024,17,Féminin,3ème Humanités,0,0,65.3,67.1,2,2,1,3,0,Passable,0
BUKA-24-294,2024,16,Féminin,3ème Humanités,0,1,80.0,81.9,0,0,0,1,0,Favorable,0
BUKA-23-449,2023,19,Masculin,4ème Humanités,1,0,45.5,51.8,6,14,8,17,4,Défavorable,0
BUKA-24-536,2024,17,Féminin,3ème Humanités,0,0,72.8,67.5,1,8,12,9,3,Favorable,1
BUKA-21-501,2021,17,Masculin,3ème Humanités,0,0,75.5,68.1,0,1,8,12,3,Très Favorable,1
BUKA-21-445,2021,21,Masculin,4ème Humanités,1,0,42.8,39.0,8,18,24,21,5,Très Défavorable,1
BUKA-23-095,2023,19,Masculin,4ème Humanités,1,0,41.9,36.2,8,23,31,26,6,Très Défavorable,1
BUKA-22-309,2022,18,Masculin,4ème Humanités,0,1,72.0,73.9,0,1,0,3,0,Favorable,0
BUKA-23-183,2023,17,Masculin,3ème Humanités,0,1,80.0,81.9,0,0,0,0,0,Très Favorable,0
BUKA-22-232,2022,18,Féminin,4ème Humanités,0,0,70.2,72.0,0,1,0,2,0,Favorable,0
BUKA-21-008,2021,19,Féminin,4ème Humanités,1,0,48.8,42.1,6,15,22,18,4,Très Défavorable,1
BUKA-23-365,2023,18,Masculin,4ème Humanités,0,1,63.8,65.2,2,4,3,5,0,Passable,0
BUKA-23-083,2023,17,Masculin,3ème Humanités,0,1,78.8,80.5,0,0,0,1,0,Très Favorable,0
BUKA-22-324,2022,16,Féminin,3ème Humanités,0,1,81.0,82.9,0,0,0,1,0,Très Favorable,0
BUKA-23-433,2023,17,Masculin,3ème Humanités,0,1,79.0,80.9,0,0,0,0,0,Très Favorable,0
BUKA-22-631,2022,18,Masculin,3ème Humanités,0,0,46.1,59.0,6,13,4,15,3,Défavorable,0
BUKA-24-116,2024,17,Féminin,3ème Humanités,0,0,75.8,77.4,0,0,0,1,0,Favorable,0
BUKA-23-534,2023,21,Féminin,4ème Humanités,1,0,47.0,42.5,6,14,19,17,4,Défavorable,1
BUKA-21-180,2021,17,Féminin,3ème Humanités,0,0,75.0,77.2,0,0,0,1,0,Favorable,0
BUKA-21-446,2021,18,Féminin,3ème Humanités,0,0,63.8,65.5,2,2,1,3,0,Passable,0
BUKA-22-607,2022,17,Masculin,3ème Humanités,0,0,60.5,61.1,3,1,0,3,0,Passable,0
BUKA-24-114,2024,19,Féminin,4ème Humanités,1,0,41.2,36.5,8,20,28,24,6,Très Défavorable,1
BUKA-21-494,2021,16,Féminin,3ème Humanités,0,1,79.8,81.5,0,0,0,1,0,Favorable,0
BUKA-22-540,2022,18,Féminin,4ème Humanités,0,1,75.3,70.8,0,7,10,8,2,Favorable,1
BUKA-22-372,2022,17,Féminin,3ème Humanités,0,0,62.8,64.8,2,2,1,3,1,Passable,0
BUKA-21-504,2021,16,Féminin,3ème Humanités,0,1,62.5,60.0,2,0,1,0,0,Favorable,1
BUKA-23-434,2023,21,Féminin,4ème Humanités,1,0,45.0,40.5,7,15,20,18,4,Défavorable,1
BUKA-24-193,2024,18,Masculin,4ème Humanités,0,0,60.0,57.5,3,4,7,6,1,Passable,0
BUKA-21-670,2021,18,Féminin,4ème Humanités,0,0,82.2,84.8,0,0,0,0,0,Très Favorable,0
BUKA-24-668,2024,18,Féminin,4ème Humanités,0,0,65.8,63.2,2,2,3,4,1,Passable,1
BUKA-23-412,2023,18,Féminin,4ème Humanités,0,0,75.0,76.8,0,0,1,2,0,Favorable,0
BUKA-24-392,2024,17,Féminin,3ème Humanités,0,0,65.8,67.5,2,2,1,3,0,Passable,0
BUKA-21-155,2021,18,Masculin,3ème Humanités,1,1,50.5,47.9,5,10,14,11,3,Défavorable,0
BUKA-24-468,2024,18,Féminin,4ème Humanités,0,0,61.8,60.2,3,2,2,4,0,Passable,1
BUKA-23-087,2023,19,Masculin,3ème Humanités,1,1,47.0,42.5,6,15,20,17,4,Défavorable,1
BUKA-21-577,2021,17,Masculin,3ème Humanités,0,0,59.2,56.8,3,5,7,6,2,Passable,1
BUKA-22-182,2022,18,Féminin,4ème Humanités,1,0,50.0,46.5,5,10,15,12,3,Défavorable,0
BUKA-23-067,2023,19,Masculin,3ème Humanités,1,1,45.8,40.3,6,16,22,18,4,Défavorable,1
BUKA-22-507,2022,17,Masculin,3ème Humanités,0,0,58.5,59.1,3,2,1,4,1,Passable,0
BUKA-24-551,2024,17,Masculin,3ème Humanités,0,0,62.8,63.2,2,1,0,1,0,Passable,0
BUKA-21-210,2021,17,Féminin,3ème Humanités,0,0,56.6,54.0,3,6,8,7,1,Passable,0
BUKA-24-568,2024,18,Féminin,4ème Humanités,0,0,63.8,61.2,2,3,4,5,1,Passable,1
BUKA-24-111,2024,18,Masculin,3ème Humanités,1,0,50.8,52.2,5,7,6,8,2,Passable,0
BUKA-22-031,2022,18,Masculin,3ème Humanités,1,0,50.1,51.8,4,6,5,7,1,Passable,0
BUKA-24-287,2024,19,Masculin,3ème Humanités,1,1,46.6,42.0,6,17,22,19,4,Défavorable,1
BUKA-22-387,2022,19,Masculin,3ème Humanités,1,1,47.2,42.8,6,16,21,18,4,Défavorable,1
BUKA-21-403,2021,18,Masculin,4ème Humanités,0,0,65.1,66.2,2,1,0,3,0,Passable,0
BUKA-23-093,2023,18,Masculin,4ème Humanités,0,0,61.2,58.9,3,4,6,5,1,Passable,0
BUKA-22-408,2022,19,Féminin,4ème Humanités,1,0,52.1,45.8,5,9,15,11,2,Défavorable,1
BUKA-21-521,2021,19,Masculin,4ème Humanités,1,0,53.0,55.5,4,10,5,12,2,Passable,0
BUKA-21-153,2021,19,Masculin,4ème Humanités,1,0,43.5,38.8,7,17,24,19,5,Très Défavorable,1
BUKA-24-575,2024,20,Masculin,4ème Humanités,1,0,41.2,49.8,8,19,11,21,6,Défavorable,0
BUKA-21-201,2021,17,Masculin,3ème Humanités,0,0,67.5,69.2,1,2,1,3,0,Favorable,0
BUKA-21-322,2021,17,Féminin,3ème Humanités,0,0,64.2,66.5,2,2,1,4,1,Passable,0
BUKA-22-610,2022,17,Féminin,3ème Humanités,0,0,73.2,70.9,0,1,2,1,0,Favorable,0
BUKA-23-441,2023,19,Masculin,4ème Humanités,1,0,53.0,55.0,4,7,5,9,1,Passable,0
BUKA-22-235,2022,18,Masculin,4ème Humanités,0,1,64.5,66.2,2,3,2,4,0,Passable,0
BUKA-23-665,2023,18,Masculin,4ème Humanités,0,1,68.8,70.2,1,0,0,1,0,Passable,0
BUKA-23-581,2023,17,Masculin,3ème Humanités,0,0,67.2,69.0,1,1,1,2,0,Passable,0
BUKA-23-070,2023,18,Féminin,4ème Humanités,0,1,80.9,83.2,0,0,0,0,0,Très Favorable,0
BUKA-23-626,2023,18,Féminin,3ème Humanités,0,0,72.9,73.8,0,0,0,1,0,Favorable,0
BUKA-23-413,2023,16,Masculin,3ème Humanités,0,0,69.5,62.1,1,9,14,10,3,Favorable avec mise en garde,1
BUKA-24-280,2024,17,Féminin,3ème Humanités,0,0,75.5,77.8,0,0,0,1,0,Favorable,0
BUKA-23-051,2023,17,Masculin,3ème Humanités,0,1,70.1,72.3,0,1,0,2,0,Favorable,0
BUKA-22-239,2022,17,Masculin,3ème Humanités,0,1,72.2,74.8,0,0,0,2,0,Favorable,0
BUKA-21-470,2021,18,Féminin,4ème Humanités,0,0,78.2,79.8,0,0,0,0,0,Très Favorable,0
BUKA-22-563,2022,16,Masculin,3ème Humanités,0,0,82.0,78.2,0,6,9,8,2,Très Favorable,1
BUKA-23-549,2023,19,Masculin,4ème Humanités,1,0,42.5,52.8,7,16,7,19,5,Défavorable,0
BUKA-22-439,2022,17,Masculin,3ème Humanités,0,0,66.5,68.5,1,0,0,2,0,Favorable,0
BUKA-24-576,2024,18,Féminin,3ème Humanités,0,0,68.2,70.0,1,0,0,1,0,Favorable,0
BUKA-24-599,2024,19,Masculin,4ème Humanités,1,0,42.2,40.8,8,20,25,23,6,Très Défavorable,1
BUKA-21-638,2021,18,Féminin,4ème Humanités,0,0,63.5,62.9,2,1,2,2,0,Passable,0
BUKA-24-275,2024,20,Masculin,4ème Humanités,1,0,41.7,36.3,8,22,30,25,6,Très Défavorable,1
BUKA-21-004,2021,17,Féminin,3ème Humanités,0,0,59.3,61.8,2,2,1,3,1,Passable,0
BUKA-22-347,2022,17,Masculin,3ème Humanités,0,0,53.0,50.5,4,11,15,13,3,Passable,0
BUKA-23-241,2023,19,Masculin,4ème Humanités,1,1,46.7,44.1,5,11,16,13,3,Défavorable,0
BUKA-22-371,2022,20,Masculin,4ème Humanités,1,1,48.2,44.0,5,11,16,13,3,Défavorable,0
BUKA-22-608,2022,19,Féminin,4ème Humanités,1,0,53.1,46.8,5,9,14,11,2,Défavorable,1
BUKA-23-259,2023,18,Masculin,4ème Humanités,0,1,74.6,76.4,0,1,0,2,0,Favorable,0
BUKA-21-171,2021,19,Masculin,4ème Humanités,1,0,49.0,44.5,5,12,17,14,3,Défavorable,0
BUKA-21-172,2021,17,Féminin,3ème Humanités,0,0,63.2,65.5,2,2,1,4,1,Passable,0
BUKA-22-173,2022,18,Masculin,4ème Humanités,0,0,61.0,58.5,3,5,8,6,2,Passable,0
BUKA-24-121,2024,19,Masculin,4ème Humanités,1,1,49.4,45.0,5,10,15,12,3,Défavorable,0
BUKA-22-380,2022,17,Féminin,3ème Humanités,0,0,74.8,76.8,0,0,0,1,0,Favorable,0
BUKA-23-374,2023,16,Féminin,3ème Humanités,0,1,79.8,81.5,0,0,0,1,0,Très Favorable,0
BUKA-23-268,2023,18,Féminin,4ème Humanités,0,0,60.1,57.5,3,7,10,9,2,Passable,0
BUKA-24-299,2024,19,Masculin,4ème Humanités,1,0,37.9,32.1,10,29,39,31,8,Très Défavorable,1
BUKA-24-135,2024,18,Masculin,4ème Humanités,0,0,62.1,63.7,2,3,2,4,1,Passable,0
BUKA-22-221,2022,17,Masculin,3ème Humanités,0,0,66.4,68.8,1,2,1,3,0,Favorable,0
BUKA-24-274,2024,15,Féminin,3ème Humanités,0,1,81.2,83.1,0,0,0,1,0,Très Favorable,0
BUKA-24-584,2024,21,Féminin,4ème Humanités,1,0,44.1,52.8,7,16,8,18,5,Défavorable,0
BUKA-22-510,2022,17,Féminin,3ème Humanités,0,0,71.2,68.9,1,0,2,1,0,Favorable,0
BUKA-22-524,2022,16,Féminin,3ème Humanités,0,1,85.0,86.9,0,0,0,0,0,Très Favorable,0
BUKA-21-202,2021,18,Féminin,4ème Humanités,0,1,78.2,80.1,0,0,0,0,0,Très Favorable,0
BUKA-24-443,2024,18,Masculin,4ème Humanités,0,0,58.0,57.5,3,3,4,5,1,Passable,1
BUKA-23-681,2023,17,Masculin,3ème Humanités,0,0,69.2,71.0,1,0,0,2,0,Passable,0
BUKA-23-086,2023,17,Féminin,3ème Humanités,0,0,75.3,77.0,0,1,0,2,0,Favorable,0
BUKA-23-349,2023,19,Masculin,4ème Humanités,1,0,38.5,32.8,10,28,38,31,8,Très Défavorable,1
BUKA-24-475,2024,20,Masculin,4ème Humanités,1,0,44.2,48.8,7,17,10,19,5,Défavorable,0
BUKA-23-649,2023,19,Masculin,4ème Humanités,1,0,40.5,50.8,8,18,8,21,6,Défavorable,0
BUKA-24-141,2024,19,Masculin,4ème Humanités,1,0,49.7,45.5,5,11,16,13,3,Défavorable,0
BUKA-24-699,2024,19,Masculin,4ème Humanités,1,0,44.2,42.8,7,19,24,22,5,Très Défavorable,1
BUKA-22-181,2022,18,Masculin,3ème Humanités,0,0,67.1,69.0,1,2,1,3,0,Favorable,0
BUKA-21-621,2021,19,Masculin,4ème Humanités,1,0,55.0,57.5,4,9,4,11,2,Passable,0
BUKA-24-124,2024,17,Féminin,3ème Humanités,0,1,78.7,80.6,0,0,0,1,0,Favorable,0
BUKA-21-378,2021,18,Féminin,4ème Humanités,0,1,72.8,74.5,0,1,0,3,0,Favorable,0
BUKA-23-092,2023,17,Féminin,3ème Humanités,0,0,64.8,66.7,2,2,1,3,0,Passable,0
BUKA-21-645,2021,21,Masculin,4ème Humanités,1,0,38.8,37.0,10,24,29,27,7,Très Défavorable,1
BUKA-21-422,2021,17,Féminin,3ème Humanités,0,0,61.2,58.5,3,3,4,5,1,Passable,1
BUKA-24-143,2024,18,Masculin,4ème Humanités,0,0,60.3,57.9,3,4,6,5,1,Passable,0
BUKA-23-342,2023,16,Féminin,3ème Humanités,0,0,79.0,80.9,0,1,0,1,0,Favorable,0
BUKA-24-676,2024,18,Féminin,3ème Humanités,0,0,70.2,72.0,1,0,0,1,0,Favorable,0
BUKA-24-616,2024,17,Féminin,3ème Humanités,0,0,67.3,64.0,1,2,3,3,1,Passable,1
BUKA-21-212,2021,18,Féminin,4ème Humanités,0,0,67.9,69.4,1,2,1,3,0,Favorable,0
BUKA-24-519,2024,17,Masculin,3ème Humanités,0,1,80.4,74.2,0,8,12,9,3,Très Favorable,1
BUKA-23-254,2023,17,Féminin,3ème Humanités,0,0,62.9,65.2,2,2,1,4,1,Passable,0
BUKA-23-100,2023,17,Féminin,3ème Humanités,0,0,75.9,78.1,0,0,0,1,0,Favorable,0
BUKA-21-369,2021,17,Masculin,3ème Humanités,0,1,71.8,73.8,0,1,0,2,0,Favorable,0
BUKA-24-560,2024,17,Féminin,3ème Humanités,0,0,61.2,62.8,2,0,0,2,0,Passable,0
BUKA-23-525,2023,20,Masculin,4ème Humanités,1,0,41.5,48.1,8,18,11,20,6,Défavorable,0
BUKA-22-496,2022,18,Féminin,3ème Humanités,0,0,70.8,71.5,1,0,0,2,0,Favorable,0
BUKA-23-511,2023,18,Masculin,3ème Humanités,1,0,55.2,53.0,4,4,5,6,1,Passable,1
BUKA-23-498,2023,17,Féminin,4ème Humanités,0,1,75.5,76.2,0,1,0,3,0,Favorable,0
BUKA-22-531,2022,18,Masculin,3ème Humanités,0,0,48.1,57.0,6,11,4,13,3,Défavorable,0
BUKA-23-253,2023,20,Masculin,4ème Humanités,1,0,45.2,40.7,6,14,20,17,3,Défavorable,1
BUKA-21-018,2021,18,Féminin,4ème Humanités,0,0,58.2,55.9,3,6,9,7,2,Passable,0
BUKA-21-537,2021,20,Masculin,3ème Humanités,1,1,46.8,56.0,7,14,5,17,4,Défavorable,0
BUKA-24-691,2024,20,Masculin,4ème Humanités,1,0,53.2,50.1,5,8,12,10,2,Passable,1
BUKA-22-488,2022,18,Féminin,4ème Humanités,0,0,59.5,60.0,3,1,1,2,0,Passable,0
BUKA-23-054,2023,17,Féminin,3ème Humanités,0,0,61.9,64.2,2,2,1,4,1,Passable,0
BUKA-24-318,2024,18,Féminin,4ème Humanités,0,0,58.8,56.1,3,7,11,9,2,Passable,0
BUKA-22-156,2022,18,Féminin,4ème Humanités,0,0,86.2,88.0,0,0,0,0,0,Très Favorable,0
BUKA-22-509,2022,18,Masculin,4ème Humanités,0,1,47.8,60.2,6,14,4,15,4,Très Défavorable,0
BUKA-21-438,2021,18,Féminin,4ème Humanités,0,0,59.5,58.9,3,2,3,4,1,Passable,0
BUKA-21-329,2021,19,Masculin,4ème Humanités,1,0,39.0,33.2,10,27,37,30,8,Très Défavorable,1
BUKA-22-050,2022,17,Féminin,3ème Humanités,0,0,73.0,75.1,0,0,0,1,0,Favorable,0
BUKA-23-689,2023,17,Masculin,3ème Humanités,0,0,72.2,74.0,0,0,0,1,0,Favorable,0
BUKA-24-344,2024,17,Féminin,3ème Humanités,0,1,80.2,82.0,0,0,0,1,0,Favorable,0
BUKA-24-420,2024,17,Féminin,4ème Humanités,0,0,80.7,81.9,0,1,0,1,0,Très Favorable,0
BUKA-21-538,2021,18,Féminin,4ème Humanités,0,0,61.5,60.9,2,1,2,3,0,Passable,0
BUKA-21-195,2021,19,Masculin,4ème Humanités,1,0,41.8,36.0,8,23,32,27,7,Très Défavorable,1
BUKA-21-629,2021,19,Masculin,4ème Humanités,1,0,45.0,42.2,7,17,22,20,5,Très Défavorable,1
BUKA-23-061,2023,18,Masculin,3ème Humanités,1,0,49.9,51.5,5,6,5,7,2,Passable,0
BUKA-21-677,2021,17,Masculin,3ème Humanités,0,0,61.2,58.8,3,4,6,5,2,Passable,1
BUKA-23-565,2023,18,Masculin,4ème Humanités,0,1,66.8,68.2,1,0,0,2,0,Passable,0
BUKA-22-231,2022,18,Masculin,3ème Humanités,1,0,49.1,50.8,5,7,6,8,1,Passable,0
BUKA-24-298,2024,17,Féminin,4ème Humanités,0,1,74.9,76.8,0,1,0,3,0,Favorable,0
BUKA-23-165,2023,18,Masculin,4ème Humanités,0,1,65.1,66.8,2,3,2,4,0,Passable,0
BUKA-23-161,2023,18,Masculin,3ème Humanités,1,0,52.2,53.0,4,6,5,8,1,Passable,0
BUKA-23-097,2023,17,Masculin,3ème Humanités,0,0,55.3,52.8,4,9,13,11,2,Passable,0
BUKA-21-478,2021,18,Féminin,4ème Humanités,0,1,71.8,73.5,0,1,0,3,0,Favorable,0
BUKA-24-289,2024,17,Masculin,3ème Humanités,0,0,73.2,75.2,0,1,1,2,0,Favorable,0
BUKA-23-589,2023,17,Masculin,3ème Humanités,0,0,70.2,72.0,1,0,0,2,0,Favorable,0
BUKA-23-612,2023,18,Féminin,4ème Humanités,0,0,80.0,81.8,0,0,0,0,0,Très Favorable,0
BUKA-23-398,2023,17,Féminin,4ème Humanités,0,1,73.5,75.2,0,1,0,3,0,Favorable,0
BUKA-23-270,2023,18,Féminin,4ème Humanités,0,1,81.9,84.2,0,0,0,0,0,Très Favorable,0
BUKA-21-421,2021,19,Masculin,4ème Humanités,1,0,51.0,53.5,5,8,6,10,2,Passable,0
BUKA-21-630,2021,17,Féminin,3ème Humanités,0,0,75.0,77.2,0,0,0,1,0,Favorable,0
BUKA-24-129,2024,19,Masculin,4ème Humanités,1,0,40.3,34.5,9,25,34,28,7,Très Défavorable,1
BUKA-24-103,2024,19,Masculin,4ème Humanités,1,0,44.3,39.8,6,14,20,17,4,Défavorable,1
BUKA-23-526,2023,18,Féminin,3ème Humanités,0,0,70.9,71.8,0,0,0,1,0,Favorable,0
BUKA-22-587,2022,19,Masculin,3ème Humanités,1,1,47.2,55.8,6,13,6,15,4,Défavorable,0
BUKA-22-356,2022,18,Féminin,4ème Humanités,0,0,85.0,87.2,0,0,0,1,0,Très Favorable,0
BUKA-21-154,2021,17,Féminin,3ème Humanités,0,0,58.5,60.1,3,4,3,6,1,Passable,0
BUKA-23-415,2023,18,Masculin,4ème Humanités,0,1,60.1,61.8,2,2,2,4,0,Passable,0
BUKA-23-080,2023,17,Féminin,3ème Humanités,0,0,74.5,76.8,0,0,0,1,0,Favorable,0
BUKA-24-167,2024,19,Masculin,3ème Humanités,1,0,44.0,39.5,7,18,25,20,5,Défavorable,1
BUKA-22-432,2022,18,Féminin,4ème Humanités,1,0,62.0,58.5,3,4,6,5,1,Passable,1
BUKA-23-489,2023,17,Masculin,3ème Humanités,0,0,68.2,69.0,1,0,0,1,0,Favorable,0
BUKA-23-697,2023,17,Masculin,3ème Humanités,0,0,60.8,61.2,3,2,1,4,0,Passable,0
BUKA-22-463,2022,16,Masculin,3ème Humanités,0,0,80.0,76.2,0,5,8,7,2,Très Favorable,1
BUKA-23-090,2023,18,Féminin,4ème Humanités,0,1,82.1,84.5,0,0,0,0,0,Très Favorable,0
BUKA-22-639,2022,17,Masculin,3ème Humanités,0,0,70.5,72.5,1,0,0,1,0,Favorable,0
BUKA-23-251,2023,17,Masculin,3ème Humanités,0,1,71.1,73.3,0,1,0,2,0,Favorable,0
BUKA-23-597,2023,17,Masculin,3ème Humanités,0,0,58.8,59.2,3,3,2,5,1,Passable,0
BUKA-21-430,2021,17,Féminin,3ème Humanités,0,0,71.0,73.2,0,1,0,1,0,Favorable,0
BUKA-23-248,2023,17,Féminin,4ème Humanités,0,1,71.7,73.6,0,1,0,3,0,Favorable,0
BUKA-23-085,2023,18,Masculin,4ème Humanités,0,0,62.7,64.3,2,3,2,4,1,Passable,0
BUKA-21-662,2021,18,Féminin,4ème Humanités,0,0,73.9,75.2,0,0,0,1,0,Favorable,0
BUKA-24-170,2024,18,Féminin,4ème Humanités,0,0,81.7,83.9,0,0,0,0,0,Très Favorable,0
BUKA-24-286,2024,17,Féminin,3ème Humanités,0,0,77.1,78.8,0,1,0,2,0,Favorable,0
BUKA-21-020,2021,18,Féminin,4ème Humanités,0,0,79.8,82.1,0,0,0,0,0,Très Favorable,0
BUKA-24-567,2024,19,Masculin,3ème Humanités,1,0,50.1,44.9,5,10,15,13,3,Défavorable,1
BUKA-22-040,2022,18,Féminin,4ème Humanités,0,0,81.6,83.9,0,0,0,0,0,Très Favorable,0
BUKA-22-217,2022,19,Masculin,3ème Humanités,1,0,45.7,40.2,6,15,21,17,3,Défavorable,1
BUKA-22-379,2022,19,Masculin,4ème Humanités,1,0,39.2,33.8,9,26,35,29,7,Très Défavorable,1
BUKA-21-003,2021,19,Masculin,4ème Humanités,1,0,45.1,40.5,5,12,18,15,3,Défavorable,1
BUKA-23-474,2023,16,Féminin,3ème Humanités,0,1,77.8,75.5,0,4,6,5,1,Favorable,1
BUKA-23-541,2023,19,Masculin,4ème Humanités,1,0,55.0,57.0,4,6,4,8,1,Passable,0
BUKA-22-455,2022,19,Masculin,3ème Humanités,1,0,54.8,50.2,4,8,11,9,2,Passable,1
BUKA-23-060,2023,17,Féminin,3ème Humanités,0,0,58.7,56.0,3,5,8,6,1,Passable,0
BUKA-21-453,2021,20,Masculin,4ème Humanités,1,0,46.2,41.2,7,13,19,16,4,Défavorable,1
BUKA-24-500,2024,17,Féminin,3ème Humanités,0,0,65.8,62.8,2,5,8,7,1,Passable,1
BUKA-22-409,2022,18,Masculin,4ème Humanités,0,1,49.8,58.2,5,12,5,14,3,Défavorable,0
BUKA-24-675,2024,20,Masculin,4ème Humanités,1,0,40.2,50.8,9,21,11,23,7,Défavorable,0
BUKA-22-197,2022,17,Masculin,3ème Humanités,0,0,54.0,51.5,4,10,14,12,3,Passable,0
BUKA-22-632,2022,18,Féminin,4ème Humanités,1,0,66.0,62.5,2,6,8,7,1,Passable,1
BUKA-24-427,2024,17,Masculin,3ème Humanités,0,0,58.8,59.1,4,2,2,4,0,Passable,0
BUKA-23-069,2023,17,Masculin,3ème Humanités,0,0,71.7,74.1,0,1,0,2,0,Favorable,0
BUKA-24-166,2024,17,Féminin,3ème Humanités,0,0,78.3,80.0,0,0,0,1,0,Favorable,0
BUKA-22-048,2022,18,Féminin,4ème Humanités,0,1,70.7,72.6,0,1,0,3,0,Favorable,0
BUKA-21-187,2021,19,Masculin,3ème Humanités,1,1,46.8,42.0,6,17,23,19,4,Défavorable,1
BUKA-21-017,2021,19,Masculin,3ème Humanités,1,0,46.7,41.2,5,14,20,16,3,Défavorable,1
BUKA-24-359,2024,18,Masculin,4ème Humanités,0,0,73.8,75.2,0,1,0,2,0,Favorable,0
BUKA-23-199,2023,19,Masculin,4ème Humanités,1,0,39.5,33.8,9,27,37,30,8,Très Défavorable,1
BUKA-24-336,2024,17,Féminin,3ème Humanités,0,0,77.8,79.5,0,1,0,2,0,Favorable,0
BUKA-22-234,2022,21,Féminin,4ème Humanités,1,0,39.1,34.7,9,21,29,23,6,Très Défavorable,1
BUKA-21-001,2021,17,Masculin,3ème Humanités,0,0,68.5,70.2,1,1,0,2,0,Favorable,0
BUKA-22-220,2022,18,Féminin,4ème Humanités,0,0,80.8,83.1,0,0,0,0,0,Très Favorable,0
BUKA-23-613,2023,16,Masculin,3ème Humanités,0,0,74.5,67.1,1,12,16,13,5,Favorable avec mise en garde,1
BUKA-24-186,2024,17,Féminin,3ème Humanités,0,0,76.8,78.5,0,1,0,2,0,Favorable,0
BUKA-21-454,2021,17,Féminin,3ème Humanités,0,0,62.2,64.2,2,2,1,4,0,Passable,0
BUKA-21-503,2021,18,Masculin,4ème Humanités,0,0,68.1,69.2,1,0,0,2,0,Favorable,0
BUKA-24-118,2024,18,Féminin,4ème Humanités,0,0,58.0,55.4,3,7,10,9,2,Passable,0
BUKA-22-037,2022,18,Masculin,3ème Humanités,1,0,44.8,39.9,6,15,21,17,4,Défavorable,1
BUKA-21-429,2021,19,Masculin,4ème Humanités,1,0,41.0,38.2,8,20,25,23,6,Très Défavorable,1
BUKA-23-245,2023,20,Masculin,4ème Humanités,1,0,42.9,37.1,7,20,27,22,5,Très Défavorable,1
BUKA-21-207,2021,17,Masculin,3ème Humanités,0,1,64.7,66.0,1,3,2,4,0,Favorable,0
BUKA-21-006,2021,18,Féminin,4ème Humanités,0,0,82.0,85.5,0,0,0,1,0,Très Favorable,0
BUKA-24-296,2024,18,Féminin,3ème Humanités,0,0,71.3,73.1,1,1,0,2,0,Favorable,0
BUKA-24-178,2024,18,Féminin,4ème Humanités,0,1,72.0,73.9,0,1,0,3,0,Favorable,0
BUKA-22-045,2022,19,Masculin,4ème Humanités,1,0,43.9,38.1,7,19,26,21,5,Très Défavorable,1
BUKA-24-271,2024,19,Masculin,4ème Humanités,1,0,47.8,43.2,5,12,17,14,3,Défavorable,0
BUKA-23-326,2023,18,Féminin,3ème Humanités,0,0,69.9,71.8,1,1,1,2,0,Favorable,0
BUKA-23-269,2023,17,Masculin,3ème Humanités,0,0,72.7,75.1,0,1,0,2,0,Favorable,0
BUKA-21-561,2021,18,Masculin,3ème Humanités,1,0,45.2,55.8,7,15,6,17,4,Défavorable,0
BUKA-24-117,2024,19,Masculin,3ème Humanités,1,0,46.1,40.7,6,15,21,18,4,Défavorable,1
BUKA-21-493,2021,18,Masculin,4ème Humanités,0,0,63.8,60.2,2,6,9,8,2,Passable,1
BUKA-24-435,2024,18,Masculin,4ème Humanités,0,0,61.5,62.0,2,1,1,3,0,Passable,0
BUKA-24-467,2024,19,Masculin,3ème Humanités,1,0,48.1,42.9,6,11,16,14,3,Défavorable,1
BUKA-21-151,2021,17,Masculin,3ème Humanités,0,1,66.2,68.0,1,2,1,3,0,Favorable,0
BUKA-23-650,2023,17,Féminin,3ème Humanités,0,0,82.5,79.8,0,6,9,8,1,Très Favorable,1
BUKA-22-547,2022,17,Masculin,3ème Humanités,0,0,53.0,50.5,5,9,12,11,3,Défavorable,1
BUKA-21-019,2021,17,Masculin,3ème Humanités,0,1,69.0,71.5,1,1,0,2,0,Favorable,0
BUKA-22-339,2022,17,Masculin,3ème Humanités,0,0,72.5,74.5,0,1,1,2,0,Favorable,0
BUKA-22-042,2022,17,Féminin,3ème Humanités,0,0,62.1,64.9,2,2,1,3,1,Passable,0
BUKA-21-338,2021,18,Féminin,4ème Humanités,0,0,60.5,57.9,3,6,9,8,2,Passable,0
BUKA-24-101,2024,17,Masculin,3ème Humanités,0,0,69.2,71.1,1,1,0,2,0,Favorable,0
BUKA-23-163,2023,17,Masculin,3ème Humanités,0,0,82.5,84.1,0,0,0,0,0,Très Favorable,0
BUKA-24-319,2024,17,Masculin,3ème Humanités,0,1,74.4,76.2,0,1,0,2,0,Favorable,0
BUKA-21-693,2021,18,Masculin,4ème Humanités,0,0,67.8,64.2,1,8,11,10,3,Passable,1
BUKA-21-601,2021,17,Masculin,3ème Humanités,0,0,69.5,65.1,1,2,8,5,3,Favorable,1
BUKA-23-390,2023,18,Féminin,4ème Humanités,0,1,81.2,83.5,0,0,0,0,0,Très Favorable,0
BUKA-24-110,2024,17,Féminin,3ème Humanités,0,0,57.1,54.5,3,6,9,7,1,Passable,0
BUKA-22-656,2022,18,Féminin,4ème Humanités,0,0,87.0,89.2,0,0,0,0,0,Très Favorable,0
BUKA-22-680,2022,17,Féminin,3ème Humanités,0,0,77.8,79.8,0,0,0,0,0,Favorable,0
BUKA-24-368,2024,18,Féminin,4ème Humanités,0,0,59.8,57.2,3,7,10,9,2,Passable,0
BUKA-21-669,2021,17,Masculin,3ème Humanités,0,1,74.8,75.8,0,0,0,1,0,Favorable,0
BUKA-24-113,2024,17,Masculin,3ème Humanités,0,1,81.3,83.6,0,0,0,0,0,Très Favorable,0
BUKA-24-120,2024,18,Féminin,4ème Humanités,0,1,82.8,85.1,0,0,0,0,0,Très Favorable,0
BUKA-21-203,2021,19,Masculin,4ème Humanités,1,0,44.1,39.5,6,13,19,16,3,Défavorable,1
BUKA-21-570,2021,18,Féminin,4ème Humanités,0,0,80.2,82.8,0,0,0,0,0,Très Favorable,0
BUKA-23-590,2023,18,Féminin,4ème Humanités,0,1,82.2,84.5,0,0,0,0,0,Très Favorable,0
BUKA-21-578,2021,18,Féminin,4ème Humanités,0,1,73.8,75.5,0,0,0,2,0,Favorable,0
BUKA-23-482,2023,19,Féminin,4ème Humanités,1,0,53.1,49.8,5,8,12,10,2,Défavorable,1
BUKA-23-256,2023,18,Féminin,4ème Humanités,0,0,84.4,87.1,0,0,0,1,0,Très Favorable,0
BUKA-23-184,2023,19,Féminin,4ème Humanités,1,0,43.0,37.5,7,20,28,23,5,Très Défavorable,1
BUKA-24-552,2024,18,Féminin,4ème Humanités,0,1,81.5,83.2,0,0,0,0,0,Très Favorable,0
BUKA-21-402,2021,18,Féminin,4ème Humanités,1,0,48.2,55.8,5,10,4,12,3,Défavorable,0
BUKA-23-074,2023,17,Féminin,3ème Humanités,0,1,77.2,79.1,0,0,0,1,0,Favorable,0
BUKA-24-644,2024,17,Féminin,3ème Humanités,0,1,75.2,77.0,0,0,0,1,0,Favorable,0
BUKA-21-546,2021,18,Féminin,3ème Humanités,0,0,65.8,67.5,2,1,0,2,0,Passable,0
BUKA-21-594,2021,16,Féminin,3ème Humanités,0,1,81.8,83.5,0,0,0,0,0,Favorable,0
BUKA-24-317,2024,20,Masculin,3ème Humanités,1,0,43.0,38.5,7,19,26,21,5,Défavorable,1
BUKA-24-115,2024,18,Masculin,4ème Humanités,0,0,63.0,64.8,2,4,3,5,1,Passable,0
BUKA-22-332,2022,18,Féminin,4ème Humanités,1,0,49.0,45.5,5,11,16,13,3,Défavorable,0
BUKA-23-261,2023,19,Masculin,3ème Humanités,1,0,48.9,50.5,5,6,5,7,2,Passable,0
BUKA-22-310,2022,17,Féminin,3ème Humanités,0,0,60.9,58.1,3,5,8,7,2,Passable,0
BUKA-22-038,2022,18,Féminin,4ème Humanités,0,0,56.7,54.1,3,7,10,8,2,Passable,0
BUKA-24-145,2024,19,Masculin,4ème Humanités,1,0,40.7,35.0,8,24,33,27,7,Très Défavorable,1
BUKA-21-330,2021,17,Féminin,3ème Humanités,0,0,76.0,78.2,0,0,0,1,0,Favorable,0
BUKA-21-005,2021,18,Masculin,3ème Humanités,1,0,51.5,48.9,4,8,12,9,2,Passable,0
BUKA-21-554,2021,17,Féminin,3ème Humanités,0,0,64.2,66.2,2,1,1,3,0,Passable,0
BUKA-22-539,2022,17,Masculin,3ème Humanités,0,0,68.5,70.5,1,0,0,1,0,Favorable,0
BUKA-24-517,2024,20,Masculin,3ème Humanités,1,0,44.5,55.2,7,16,6,18,5,Défavorable,0
BUKA-21-654,2021,17,Féminin,3ème Humanités,0,0,66.2,68.2,1,1,0,3,0,Passable,0
BUKA-21-179,2021,19,Masculin,4ème Humanités,1,0,40.0,34.2,9,26,36,29,8,Très Défavorable,1
BUKA-24-290,2024,18,Féminin,4ème Humanités,0,1,84.2,86.6,0,0,0,0,0,Très Favorable,0
BUKA-22-447,2022,17,Masculin,3ème Humanités,0,0,51.0,48.5,5,10,13,12,3,Défavorable,1
BUKA-21-007,2021,17,Masculin,3ème Humanités,0,1,63.7,65.0,1,3,2,4,0,Favorable,0
BUKA-22-407,2022,17,Masculin,3ème Humanités,0,0,55.5,56.1,4,3,2,5,1,Passable,0
BUKA-23-249,2023,19,Masculin,4ème Humanités,1,0,40.5,35.8,8,23,31,26,6,Très Défavorable,1
BUKA-21-637,2021,20,Masculin,3ème Humanités,1,1,44.8,58.0,7,16,6,19,4,Défavorable,0
BUKA-23-657,2023,17,Masculin,3ème Humanités,0,1,46.2,59.8,6,15,5,17,4,Défavorable,0
BUKA-23-550,2023,17,Féminin,3ème Humanités,0,0,80.5,77.8,0,5,8,7,1,Très Favorable,1
BUKA-24-105,2024,18,Masculin,3ème Humanités,1,0,52.4,49.6,4,8,12,9,2,Passable,0
BUKA-24-293,2024,18,Masculin,4ème Humanités,0,0,61.3,58.9,3,4,6,5,1,Passable,0
BUKA-21-211,2021,19,Masculin,3ème Humanités,1,1,48.5,50.0,4,8,7,9,2,Passable,0
BUKA-24-185,2024,18,Masculin,4ème Humanités,0,0,62.5,64.0,2,3,3,5,1,Passable,0
BUKA-23-064,2023,19,Féminin,4ème Humanités,1,0,43.1,38.0,8,19,27,23,6,Très Défavorable,1
BUKA-22-555,2022,19,Masculin,3ème Humanités,1,0,56.8,52.2,4,7,10,8,2,Passable,1
BUKA-22-041,2022,19,Masculin,4ème Humanités,1,1,47.7,45.1,5,10,15,12,3,Défavorable,0
BUKA-23-425,2023,20,Masculin,4ème Humanités,1,0,44.5,50.1,7,16,9,18,5,Défavorable,0
BUKA-21-661,2021,18,Masculin,3ème Humanités,1,0,43.2,57.8,7,17,6,19,5,Défavorable,0
BUKA-24-327,2024,17,Masculin,3ème Humanités,0,0,56.8,54.1,4,9,13,11,2,Passable,0
BUKA-23-633,2023,17,Masculin,3ème Humanités,0,1,83.0,84.9,0,0,0,0,0,Très Favorable,0
BUKA-24-281,2024,17,Masculin,3ème Humanités,0,0,67.8,69.9,1,2,2,3,0,Favorable,0
BUKA-22-671,2022,20,Masculin,4ème Humanités,1,1,54.2,58.0,4,8,5,10,2,Défavorable,0
BUKA-22-030,2022,17,Féminin,3ème Humanités,0,0,57.9,55.2,3,4,6,5,1,Passable,0
BUKA-23-081,2023,18,Masculin,3ème Humanités,0,0,66.1,68.2,1,2,2,3,0,Favorable,0
BUKA-23-389,2023,17,Masculin,3ème Humanités,0,0,70.2,72.0,0,1,1,2,0,Favorable,0
BUKA-22-363,2022,16,Masculin,3ème Humanités,0,0,82.0,84.2,0,0,0,0,0,Très Favorable,0
BUKA-23-658,2023,19,Féminin,4ème Humanités,1,1,53.2,47.1,5,10,16,13,3,Défavorable,1
BUKA-24-528,2024,18,Féminin,4ème Humanités,0,1,68.0,65.9,1,7,9,8,2,Passable,1
BUKA-21-337,2021,20,Masculin,3ème Humanités,1,1,45.8,41.0,7,18,24,20,5,Défavorable,1
BUKA-24-140,2024,18,Féminin,4ème Humanités,0,1,83.2,85.6,0,0,0,0,0,Très Favorable,0
BUKA-21-321,2021,19,Masculin,4ème Humanités,1,0,48.0,43.5,5,13,18,15,3,Défavorable,0
BUKA-23-514,2023,21,Féminin,4ème Humanités,1,0,40.0,52.5,8,22,10,25,6,Très Défavorable,0
BUKA-21-401,2021,17,Masculin,3ème Humanités,0,0,72.5,65.1,1,8,15,9,2,Favorable avec mise en garde,1
BUKA-21-522,2021,17,Féminin,3ème Humanités,0,0,64.2,61.5,2,1,2,3,0,Passable,1
BUKA-21-002,2021,18,Féminin,4ème Humanités,0,1,75.2,78.1,0,0,0,0,0,Très Favorable,0
BUKA-22-664,2022,21,Féminin,4ème Humanités,1,0,37.1,49.0,10,26,15,28,8,Très Défavorable,0
BUKA-23-162,2023,18,Féminin,4ème Humanités,0,0,70.0,71.8,0,1,0,2,0,Favorable,0
BUKA-21-545,2021,21,Masculin,4ème Humanités,1,0,40.8,38.0,9,22,27,25,6,Très Défavorable,1
BUKA-23-091,2023,19,Masculin,4ème Humanités,1,0,50.3,46.1,5,10,15,12,3,Défavorable,0
BUKA-24-273,2024,18,Masculin,4ème Humanités,0,0,61.5,59.0,3,5,7,6,1,Passable,0
BUKA-24-492,2024,17,Féminin,3ème Humanités,0,0,67.8,68.5,2,1,0,3,0,Passable,0
BUKA-23-252,2023,18,Féminin,4ème Humanités,0,0,78.8,81.0,0,0,0,0,0,Très Favorable,0
BUKA-24-107,2024,17,Masculin,3ème Humanités,0,1,64.6,66.0,1,3,2,4,0,Favorable,0
BUKA-24-659,2024,18,Masculin,4ème Humanités,0,0,74.8,72.2,0,6,8,7,1,Favorable,1
BUKA-22-026,2022,18,Féminin,4ème Humanités,0,0,85.3,87.0,0,0,0,0,0,Très Favorable,0
BUKA-22-024,2022,17,Féminin,3ème Humanités,0,0,60.1,62.5,2,1,0,2,0,Passable,0
BUKA-22-229,2022,18,Masculin,4ème Humanités,0,0,75.8,77.5,0,0,1,1,0,Favorable,0
BUKA-23-062,2023,18,Féminin,4ème Humanités,0,0,68.3,70.1,1,2,1,3,0,Favorable,0
BUKA-23-325,2023,20,Masculin,4ème Humanités,1,0,41.5,36.0,8,23,31,27,6,Très Défavorable,1
BUKA-24-300,2024,17,Féminin,3ème Humanités,0,0,76.4,78.5,0,0,0,1,0,Favorable,0
BUKA-21-685,2021,18,Masculin,4ème Humanités,0,0,64.2,65.8,2,0,0,2,0,Passable,0
BUKA-24-149,2024,19,Masculin,4ème Humanités,1,0,38.9,33.1,9,28,38,30,8,Très Défavorable,1
BUKA-22-672,2022,17,Féminin,3ème Humanités,0,0,67.8,65.8,1,1,2,3,0,Passable,1
BUKA-22-609,2022,18,Masculin,4ème Humanités,0,1,45.8,58.2,6,16,6,17,4,Défavorable,0
BUKA-22-480,2022,17,Féminin,3ème Humanités,0,0,73.8,75.8,0,0,0,1,0,Favorable,0
BUKA-23-262,2023,18,Féminin,4ème Humanités,0,0,69.3,71.1,1,2,1,3,0,Favorable,0
BUKA-22-688,2022,18,Féminin,4ème Humanités,0,0,63.5,64.0,2,0,0,1,0,Passable,0
BUKA-24-591,2024,20,Masculin,4ème Humanités,1,0,51.2,48.1,5,10,14,12,2,Passable,1
BUKA-23-247,2023,17,Masculin,3ème Humanités,0,0,53.3,50.9,4,9,12,10,2,Passable,0
BUKA-24-635,2024,18,Masculin,4ème Humanités,0,0,65.5,66.0,2,0,0,1,0,Passable,0
BUKA-24-543,2024,18,Masculin,4ème Humanités,0,0,60.0,59.5,3,2,3,4,1,Passable,1
BUKA-22-472,2022,17,Féminin,3ème Humanités,0,0,63.8,61.8,2,3,4,5,1,Passable,1
BUKA-22-226,2022,17,Féminin,4ème Humanités,0,0,86.3,88.0,0,0,0,0,0,Très Favorable,0
BUKA-22-564,2022,21,Féminin,4ème Humanités,1,0,38.1,48.0,9,24,14,26,7,Très Défavorable,0
BUKA-22-036,2022,17,Féminin,3ème Humanités,0,0,74.9,76.3,0,1,0,1,0,Favorable,0
BUKA-21-013,2021,17,Masculin,3ème Humanités,0,0,78.1,80.3,0,0,0,0,0,Très Favorable,0
BUKA-24-295,2024,21,Masculin,4ème Humanités,1,0,40.9,35.2,9,24,33,28,7,Très Défavorable,1
BUKA-22-595,2022,21,Masculin,4ème Humanités,1,0,40.2,49.8,9,23,13,25,7,Défavorable,0
BUKA-23-258,2023,19,Féminin,4ème Humanités,1,0,46.9,40.5,7,18,24,21,5,Très Défavorable,1
BUKA-21-569,2021,17,Masculin,3ème Humanités,0,1,72.8,73.8,0,0,0,1,0,Favorable,0
BUKA-24-139,2024,17,Masculin,3ème Humanités,0,0,72.2,74.2,0,1,1,2,0,Favorable,0
BUKA-22-029,2022,18,Masculin,4ème Humanités,0,0,74.8,76.5,0,0,1,1,0,Favorable,0
BUKA-22-624,2022,16,Féminin,3ème Humanités,0,1,87.0,88.9,0,0,0,0,0,Très Favorable,0
BUKA-22-230,2022,17,Féminin,3ème Humanités,0,0,58.9,56.2,3,4,6,5,1,Passable,0
BUKA-21-678,2021,18,Féminin,4ème Humanités,0,1,75.8,77.5,0,0,0,1,0,Favorable,0
BUKA-21-215,2021,18,Masculin,4ème Humanités,0,1,60.8,62.5,2,4,3,5,1,Passable,0
BUKA-22-049,2022,19,Masculin,4ème Humanités,1,0,41.5,36.8,8,22,30,25,6,Très Défavorable,1
BUKA-23-373,2023,18,Masculin,4ème Humanités,0,0,60.2,57.8,3,5,7,6,2,Passable,0
BUKA-23-481,2023,17,Masculin,3ème Humanités,0,0,65.2,67.0,2,1,1,3,0,Passable,0
BUKA-21-603,2021,18,Masculin,4ème Humanités,0,0,72.1,73.2,0,0,0,1,0,Favorable,0
BUKA-23-411,2023,18,Masculin,3ème Humanités,1,0,53.2,51.0,4,5,6,7,1,Passable,1
BUKA-23-673,2023,18,Masculin,4ème Humanités,0,0,63.2,64.8,2,0,0,2,0,Passable,0
BUKA-22-606,2022,18,Féminin,4ème Humanités,0,0,82.0,76.3,0,3,7,5,1,Très Favorable,1
BUKA-23-497,2023,17,Masculin,3ème Humanités,0,0,56.8,57.2,4,4,4,6,1,Passable,0
BUKA-24-544,2024,17,Féminin,3ème Humanités,0,1,73.2,75.0,0,0,0,1,0,Favorable,0
BUKA-24-131,2024,18,Masculin,3ème Humanités,0,0,66.8,68.9,1,2,2,3,0,Favorable,0
BUKA-21-214,2021,21,Féminin,4ème Humanités,1,0,40.3,35.9,8,19,26,21,5,Très Défavorable,1
BUKA-21-394,2021,16,Féminin,3ème Humanités,0,1,78.8,80.5,0,0,0,1,0,Favorable,0
BUKA-23-267,2023,20,Masculin,3ème Humanités,1,1,44.8,39.3,6,17,23,19,4,Défavorable,1
BUKA-23-176,2023,18,Féminin,3ème Humanités,0,0,68.9,70.8,1,1,1,2,0,Favorable,0
BUKA-24-652,2024,18,Féminin,4ème Humanités,0,1,83.5,85.2,0,0,0,0,0,Très Favorable,0
BUKA-23-366,2023,17,Féminin,3ème Humanités,0,0,76.2,77.8,0,0,0,1,0,Favorable,0
BUKA-23-358,2023,19,Féminin,4ème Humanités,1,1,46.2,40.1,7,19,26,22,5,Très Défavorable,1
BUKA-21-622,2021,17,Féminin,3ème Humanités,0,0,66.2,63.5,2,0,1,2,0,Passable,1
BUKA-23-065,2023,18,Masculin,4ème Humanités,0,0,64.2,66.0,2,4,3,5,1,Passable,0
BUKA-23-191,2023,19,Masculin,4ème Humanités,1,0,51.0,47.0,5,11,16,13,3,Défavorable,0
BUKA-21-405,2021,19,Masculin,3ème Humanités,1,0,45.0,41.0,6,15,20,18,4,Très Défavorable,1
BUKA-23-634,2023,21,Féminin,4ème Humanités,1,0,49.0,44.5,6,13,18,16,4,Défavorable,1
BUKA-22-306,2022,18,Féminin,4ème Humanités,0,0,87.2,89.0,0,0,0,0,0,Très Favorable,0
BUKA-21-011,2021,18,Masculin,3ème Humanités,1,1,49.5,51.0,4,7,6,8,2,Passable,0
BUKA-22-340,2022,18,Féminin,4ème Humanités,0,1,83.3,85.8,0,0,0,0,0,Très Favorable,0
BUKA-24-128,2024,18,Féminin,4ème Humanités,0,1,71.3,73.2,0,1,0,3,0,Favorable,0
BUKA-22-219,2022,16,Masculin,3ème Humanités,0,1,79.0,81.5,0,0,0,1,0,Très Favorable,0
BUKA-23-255,2023,18,Masculin,3ème Humanités,1,1,54.1,51.3,4,7,11,8,2,Passable,0
BUKA-24-617,2024,20,Masculin,3ème Humanités,1,0,42.5,54.2,8,18,7,20,6,Défavorable,0
BUKA-22-023,2022,18,Masculin,3ème Humanités,1,0,48.2,43.7,5,11,17,14,3,Défavorable,1
BUKA-23-666,2023,17,Féminin,3ème Humanités,0,0,78.2,79.8,0,0,0,0,0,Favorable,0
BUKA-24-684,2024,21,Féminin,4ème Humanités,1,0,42.1,53.8,8,18,9,20,6,Défavorable,0
BUKA-21-345,2021,21,Masculin,4ème Humanités,1,0,40.8,35.0,9,24,33,28,7,Très Défavorable,1
BUKA-21-205,2021,18,Masculin,3ème Humanités,1,0,50.5,47.9,5,9,13,10,2,Passable,0
BUKA-21-602,2021,19,Féminin,4ème Humanités,1,0,43.2,51.8,7,18,9,20,5,Défavorable,0
BUKA-24-667,2024,19,Masculin,3ème Humanités,1,0,52.1,46.9,5,9,14,12,3,Défavorable,1
BUKA-24-144,2024,17,Féminin,3ème Humanités,0,1,79.0,80.9,0,0,0,1,0,Favorable,0
BUKA-23-334,2023,21,Féminin,4ème Humanités,1,0,42.0,36.5,8,21,29,24,6,Très Défavorable,1
BUKA-23-397,2023,17,Masculin,3ème Humanités,0,0,54.8,52.2,4,10,14,12,3,Passable,0
BUKA-24-130,2024,17,Féminin,3ème Humanités,0,0,73.8,76.0,0,0,0,1,0,Favorable,0
BUKA-21-605,2021,20,Masculin,3ème Humanités,1,0,45.0,42.0,6,18,22,20,4,Très Défavorable,1
BUKA-24-518,2024,18,Féminin,4ème Humanités,0,0,60.8,61.1,3,0,0,2,0,Passable,0
BUKA-24-452,2024,18,Féminin,4ème Humanités,0,1,79.5,81.2,0,0,0,0,0,Très Favorable,0
BUKA-22-044,2022,17,Féminin,3ème Humanités,0,1,76.3,78.0,0,0,0,1,0,Favorable,0
BUKA-21-012,2021,18,Féminin,4ème Humanités,0,0,66.9,68.4,1,2,1,3,0,Favorable,0
BUKA-23-558,2023,19,Féminin,4ème Humanités,1,1,51.2,45.1,5,11,17,14,3,Défavorable,1
BUKA-23-096,2023,18,Féminin,3ème Humanités,0,0,69.5,71.3,1,1,0,2,0,Favorable,0
BUKA-22-687,2022,19,Masculin,3ème Humanités,1,1,45.2,56.8,7,15,6,17,5,Défavorable,0
BUKA-24-150,2024,17,Féminin,3ème Humanités,0,0,77.4,79.5,0,0,0,1,0,Favorable,0
BUKA-21-477,2021,17,Masculin,3ème Humanités,0,0,57.2,54.8,4,6,8,7,2,Passable,1
BUKA-21-686,2021,17,Féminin,3ème Humanités,0,0,78.2,75.8,0,7,10,9,2,Favorable,1
BUKA-23-426,2023,18,Féminin,3ème Humanités,0,0,67.9,68.8,1,1,1,2,0,Favorable,0
BUKA-24-119,2024,17,Masculin,3ème Humanités,0,1,70.5,72.8,0,1,0,2,0,Favorable,0
BUKA-22-647,2022,17,Masculin,3ème Humanités,0,0,55.0,52.5,4,8,11,10,3,Défavorable,1
BUKA-22-679,2022,19,Masculin,4ème Humanités,1,0,41.2,39.8,8,20,25,23,6,Très Défavorable,1
BUKA-24-376,2024,18,Féminin,3ème Humanités,0,0,67.2,69.0,1,1,1,2,0,Favorable,0
BUKA-24-391,2024,20,Masculin,4ème Humanités,1,0,49.2,45.1,5,11,16,13,3,Défavorable,0
BUKA-22-223,2022,18,Masculin,3ème Humanités,1,0,47.2,42.7,5,12,18,15,3,Défavorable,1
BUKA-22-189,2022,17,Masculin,3ème Humanités,0,0,71.5,73.5,0,1,1,2,0,Favorable,0
BUKA-22-506,2022,18,Féminin,4ème Humanités,0,0,79.0,72.3,0,1,6,8,2,Très Favorable,1
BUKA-23-357,2023,17,Masculin,3ème Humanités,0,1,65.2,66.8,1,3,2,4,0,Favorable,0
BUKA-21-370,2021,18,Féminin,4ème Humanités,0,0,80.2,82.8,0,0,0,0,0,Très Favorable,0
BUKA-22-224,2022,17,Féminin,3ème Humanités,0,0,61.1,63.5,2,1,0,2,0,Passable,0
BUKA-21-553,2021,20,Masculin,4ème Humanités,1,0,48.2,43.2,6,12,18,15,4,Défavorable,1
BUKA-23-315,2023,18,Masculin,4ème Humanités,0,1,66.1,67.8,2,3,2,4,0,Passable,0
